"ID","Description","GeneRatio","BgRatio","pvalue","p.adjust","qvalue","geneID","Count","FoldEnrich"
"hsa05150","Staphylococcus aureus infection","11/153","96/8659",8.87445108451277e-07,0.000122370309719991,0.000113331436605368,"ITGAM/KRT34/KRT27/KRT13/FCGR3B/KRT20/FCGR3A/KRT33A/KRT23/DEFB4A/DEFB4B",11,6.48481753812636
"hsa00590","Arachidonic acid metabolism","9/153","61/8659",1.05038892463511e-06,0.000122370309719991,0.000113331436605368,"CYP4F2/ALOX12B/PLA2G4F/PLA2G4E/ALOX15/PLA2G4D/PLA2G2F/CYP4F8/CYP4F3",9,8.35004821600771
"hsa00591","Linoleic acid metabolism","5/153","30/8659",0.000160897754860398,0.0124963922941576,0.0115733472794321,"PLA2G4F/PLA2G4E/ALOX15/PLA2G4D/PLA2G2F",5,9.43246187363835
"hsa05140","Leishmaniasis","7/153","77/8659",0.000400316843087549,0.0233184561098497,0.0215960402191967,"ITGAM/IL1B/EEF1A2/NCF1/FCGR3B/FCGR3A/NCF4",7,5.14497920380273
"hsa04060","Cytokine-cytokine receptor interaction","14/153","297/8659",0.000754255727115111,0.0344452559370729,0.0319009598694373,"IL1B/TNFRSF8/CSF2RB/CCR7/CCL5/IL10RA/IL36B/GDF15/IL1F10/IL20RB/IL36G/IL36RN/CCL3L1/CCL3L3",14,2.66776699456438
"hsa04726","Serotonergic synapse","8/153","115/8659",0.000947814587463594,0.0344452559370729,0.0319009598694373,"ALOX12B/PLA2G4F/PLA2G4E/ALOX15/KCNN2/PLA2G4D/CYP2C18/CACNA1C",8,3.93702756464905
"hsa00592","alpha-Linolenic acid metabolism","4/153","26/8659",0.00103483601527687,0.0344452559370729,0.0319009598694373,"PLA2G4F/PLA2G4E/PLA2G4D/PLA2G2F",4,8.70688788335847
"hsa04657","IL-17 signaling pathway","7/153","94/8659",0.00132755291350591,0.0386649786058595,0.0358089930616724,"S100A7A/IL1B/S100A9/S100A7/S100A8/DEFB4A/DEFB4B",7,4.21450424141288
"hsa04666","Fc gamma R-mediated phagocytosis","7/153","97/8659",0.00159446113377384,0.0412788271299229,0.0382297698741097,"PLA2G4F/NCF1/PLA2G4E/PLA2G4D/FCGR3B/FCGR3A/AMPH",7,4.08415874941042
