"ID","Description","GeneRatio","BgRatio","pvalue","p.adjust","qvalue","geneID","Count","FoldEnrich"
"hsa00590","Arachidonic acid metabolism","7/74","61/8659",7.52878647741125e-07,0.000121966340934062,0.000111743041401577,"ALOX12B/PLA2G4E/PLA2G2F/ALOX15/CYP4F2/ALOX15B/ALOX5",7,13.4277802392557
"hsa05150","Staphylococcus aureus infection","6/74","96/8659",0.000160149790440974,0.0129721330257189,0.0118848002379881,"KRT34/C1R/C1S/ITGAM/HLA-DOA/KRT13",6,7.3133445945946
"hsa04610","Complement and coagulation cascades","5/74","86/8659",0.000808637817778458,0.0436664421600367,0.0400062920374606,"C1R/SERPING1/C1S/ITGAM/ITGAX",5,6.80311125078567
